Código;Descripción;Unidad;_100000;_101010;_101011;_101012;_101020;_102010;_102050;_103010;_104010;_105010;_106010;_107010;_107050;_108010;_200000;_201010;_202010;_300000;_301100;_301150;_301200;_301250;_301300;_301350;_301450;_301500;_301810;_302010;_302020;_303050;_303060;_304010;_304040;_305010;_305020;_305030;_306010;_307010;_308010;_400000;_401010;_401020;_401022;_401030;_401040;_401042;_401050;_402010;_403010;_404010
100010;Humedad;@none;;12,9;;12,9;12,1;13,2;13,2;10,06;12,09;11,88;11,24;12,17;11,77;10,77;;9,2;7,04;;11,52;10,66;11,52;11,9;11,33;11,6;10,79;5;0,7;10,34;10,1;12;13;9,5;11;10,26;9,78;8,5;10,21;8,67;0,1;;7,32;7,66;7,5;7,8;8,2;8,2;7,29;9;9,6;11,5
100020;DGM;MM;;;;;;;;0,75;;;;0,76;0,51;;;;0,17;;1,1;1,2;;;0,72;;;;;;;;;;;;;;;;;;;0,79;;;;;;;0,66;
200000;***************>ENERGIA<****************;******;;;;;;;;;;;;;;;;;;;;;;;;;;;;;;;;;;;;;;;;;;;;;;;;;;
200010;Energia Bruta;KCAL/K;;3860;;3860;4653;3900;3900;3990;3806,5;3810;4100;3816,2;3916,59;3819;;5170;5294,5;;4074,5;;4094,33;4090;4111;4190;3890;4803;9540;4513;3770;3946;;5060;3991;4127;4150;4155;4102,5;4164,5;4005;;3081,67;3421,75;3561;3692;3812;3812;4145;4453;5247;5091
210000;***************>E. AVES<****************;******;;;;;;;;;;;;;;;;;;;;;;;;;;;;;;;;;;;;;;;;;;;;;;;;;;
210200;EMAn;EMAn;;3370;;3370;3572;3190;2950;3231,67;2993;2680;2285;3153,33;2760;3314;;3460;4036,5;;2345,25;;2330,83;2260;2431;2540;;;8790;2624;1926,5;1890;1880;3780;1733;1335;1490;;1520,5;1921;3831;;1337,67;1418,75;1945;2004;2277;2277;2286;2934;2734;3014
250000;***************>E. CERDOS<**************;******;;;;;;;;;;;;;;;;;;;;;;;;;;;;;;;;;;;;;;;;;;;;;;;;;;
250100;ED CT;KCAL/K;;3475;;3475;;3350;3080;2982,5;3287,5;3080;2742,5;3365;3113;3572;;4180;4580;;3450;3490;3530;3570;3610;3650;2370;4150;8469;2980;2433;2370;;4210;2990;2295;2575;2840;3061,67;2824,67;3958;;1794;2348;2348;2377;2409;2409;2846;3790;3010;3381
250150;ED R;KCAL/K;;3530;;3530;;3460;3080;;;3150;;;;;;4130;;;3530;3570;3610;3650;3690;3730;;4150;7920;3200;;2460;;4210;3140;;;;;;3958;;;;2348;;;;;3790;3010;3381
250200;EM CT;KCAL/K;;3330;;3330;;3230;2980;2907,5;3153;2955;2652,5;3254,33;2971,5;3409,33;;3800;4270;;3160;3190;3230;3260;3290;3320;2170;3560;8217;2890;2263,5;2240;2300;3890;2790;2175;2325;2735;2790,33;2563,67;3839;;1588;2137;2137;2247;2277;2277;2619;3528;2550;2864
250250;EM R;KCAL/K;;3430;;3430;;3360;2980;;;3030;;;;;;3840;;;3220;3250;3280;3310;3340;3370;;3560;7920;3080;;2300;;3890;2870;;;;;;3839;;;;2137;;;;;3528;2550;2864
250300;EN CT;KCAL/K;;2650;;2650;;2620;2420;2095;2445;2280;1830;2442,5;2140;2552,5;;2560;;;1910;1930;1950;1970;1990;2010;1000;2000;7110;2330;1550;1500;1811;2750;1790;1090;1260;1635;1560;1592,5;2891;;;;1355;;1444;1444;;2424;2250;1950
250350;EN R;KCAL/K;;2730;;2730;;2650;2420;2095;2500;2320;1980;2540;2220;2810;;2750;;;2020;2040;2060;2080;2100;2120;1430;2000;7110;2440;1680;1630;1811;2830;1890;1240;1400;1635;1630;1630;2891;;;;1355;;1444;1444;;2424;2250;1950
300000;***************>GRASA<******************;******;;;;;;;;;;;;;;;;;;;;;;;;;;;;;;;;;;;;;;;;;;;;;;;;;;
300100;Grasa;%;;3,9;;3,9;7,08;2,6;2,6;4,32;1,48;1,93;4,72;1,69;2,32;1,01;;18,1;22,55;;1,68;1,92;1,97;1,4;2,02;1,27;1,8;0,5;99;13,63;2,38;3,4;3,5;2,5;2,7;2,25;1,52;2,21;2,64;5;;;12,84;11,29;11,82;11,1;40,61;40,61;10,44;11,5;4,32;0,42
300200;Ácido Linoleico;%;;2,1;;2,1;;1,15;1,15;1,77;0,55;0,81;1,61;0,72;1,18;0,31;;9,18;10,6;;0,68;0,69;0,73;0,72;0,6;0,6;1,11;;54;4,37;0,64;;;;1,4;0,99;0,84;1,07;0,4;0,07;;;0,3;0,35;0,35;0,33;0,33;0,33;0,23;1,9;0,77;
400000;***************>FIBRA<******************;******;;;;;;;;;;;;;;;;;;;;;;;;;;;;;;;;;;;;;;;;;;;;;;;;;;
400100;Fibra Bruta;%;;1,9;;1,9;2,06;2,2;2,2;3,79;2,4;4,55;11,57;2,23;5,77;0,45;;6,3;0,68;;;;6,2;5,9;4,52;4,5;25,4;0,3;;8,11;10,86;9;9;1,5;7,8;30,74;20,8;17,31;11,01;13,5;;;0,93;1,24;1,24;1,28;1,24;1,24;1,5;1,41;0,77;0,34
400300;FDN;%;;11,4;;11,4;13,64;9;9;18,45;12,08;17,59;29,77;11,17;20,11;9,87;;13,7;15,65;;13,63;13,88;13,51;14,12;10,49;8,2;49,34;;;22,41;24,2;;;7,51;33,8;42,48;33,14;26,68;26,34;51,33;;;;;;;;;;;;
400400;FDA;%;;3,4;;3,4;1,6;3,8;3,8;10,7;3,48;5,49;13,89;3,02;8,07;2,5;;8,1;3,95;;7,58;8,48;7,83;7,79;5,71;5,4;34,46;;;11,12;13,55;;;3,34;10,2;30,86;23,4;18,59;18,81;26,47;;;;;;;;;;;;
500000;***************>PROTEÍNA<***************;******;;;;;;;;;;;;;;;;;;;;;;;;;;;;;;;;;;;;;;;;;;;;;;;;;;
500010;Proteína Bruta;%;;8,44;7;8,44;9,46;9;9;12,76;10,95;10,76;10,61;11,61;14,21;7,97;;37,5;39,4;;43,37;44,13;44,99;46;47,09;48;11,78;92;;13,55;16,13;16;19;59,9;22,2;29,31;33,43;39,89;35,41;21,57;0,09;;36,2;40,95;40,69;45,37;50,61;50,61;54,5;58;84,3;78,4
500020;Dig.Pepsina;%;;;;;;;;;;;;;;;;;;;;;;;;;;;;;;;;;;;;;;;;;87,52;92,47;;;;;;;21,75;
510000;***************>AA TOTAIS<**************;@none;;;;;;;;;;;;;;;;;;;;;;;;;;;;;;;;;;;;;;;;;;;;;;;;;;
510010;Lys;%;;0,25;;0,25;0,34;0,21;0,21;0,36;0,38;0,4;0,41;0,33;0,48;0,3;;2,25;2,31;;2,66;2,73;2,76;2,81;2,88;2,94;0,68;5,7;;0,59;0,65;0,61;0,68;1,04;0,61;0,99;1,2;1,24;1,93;0,58;;;1,77;1,98;1,89;2,25;2,57;2,57;2,77;3,24;2,19;7,1
510020;Thr;Thr;;0,31;;0,31;0,37;0,3;0,3;0,47;0,34;0,36;0,38;0,34;0,43;0,26;;1,46;1,52;;1,72;1,73;1,76;1,8;1,81;1,86;0,42;3,2;;0,49;0,55;0,48;0,68;2,08;0,79;1,07;1,28;1,42;1,53;0,64;;;0,99;1,09;1,14;1,47;1,55;1,55;1,7;2,47;3,86;3,7
510030;Met;Met;;0,17;;0,17;0,19;0,16;0,16;0,28;0,19;0,18;0,19;0,19;0,22;0,19;;0,49;0,53;;0,61;0,61;0,63;0,66;0,64;0,68;0,15;1,2;;0,27;0,31;0,22;0,28;1,45;0,37;0,66;0,77;0,81;0,74;0,32;;;0,43;0,49;0,49;0,61;0,7;0,7;0,71;1,12;0,63;0,98
510040;Cys;Cys;;0,2;;0,2;0,26;0,2;0,2;0,21;0,25;0,25;0,32;0,26;0,32;0,14;;0,61;0,53;;0,62;0,64;0,64;0,63;0,68;0,72;0,18;1,2;;0,26;0,28;0,31;0,35;1,07;0,53;0,47;0,56;0,62;0,86;0,27;;;0,26;0,34;0,67;0,58;0,52;0,52;0,52;0,85;3,33;1,05
510050;M+C;M+C;;0,36;;0,36;0,46;0,36;0,36;0,48;0,45;0,43;0,52;0,45;0,54;0,39;;1,1;1,05;;1,24;1,24;1,26;1,28;1,25;1,4;0,33;2,4;;0,53;0,59;0,53;0,63;2,52;0,9;1,13;1,33;1,44;1,59;0,6;;;0,69;0,83;1,16;1,19;1,22;1,22;1,23;1,97;3,96;2,03
510060;Trp;Trp;;0,06;;0,06;0,06;0,1;0,1;0,15;0,13;0,12;0,13;0,14;0,16;0,1;;0,53;0,51;;0,56;0,61;0,61;0,66;0,57;0,64;0,14;0,9;;0,16;0,18;0,2;0,22;0,28;0,15;0,34;0,42;0,44;0,43;0,22;;;0,19;0,2;0,2;0,25;0,27;0,27;0,29;0,59;0,49;1,18
510070;Ile;Ile;;0,32;;0,32;0,37;0,4;0,4;0,51;0,37;0,38;0,41;0,42;0,48;0,35;;1,7;1,83;;1,96;2,01;2,11;2,13;2,2;2,19;0,44;3,8;;0,49;0,52;0,5;0,55;2,52;0,7;1,16;1,38;1,43;1,45;0,71;;;0,84;0,96;0,98;1,15;1,36;1,36;1,52;2,43;3,98;0,8
510080;Val;%;;0,43;;0,43;0,61;0,5;0,5;0,67;0,42;0,53;0,56;0,51;0,61;0,43;;1,81;1,95;;2,04;2,09;2,16;2,15;2,25;2,22;0,51;4;;0,72;0,79;0,69;0,74;2,84;1,06;1,38;1,66;1,75;1,79;1,04;;;1,42;1,55;1,6;1,92;2,1;2,1;2,33;3,15;5,9;6,42
510090;Leu;%;;1,06;;1,06;1,28;1,24;1,24;1,29;0,69;0,73;0,79;0,78;0,91;0,64;;2,88;3;;3,28;3,37;3,41;3,57;3,56;3,51;0,73;6,9;;0,98;1,06;0,95;0,98;9,95;2,01;1,8;2,15;2,38;2,39;1,31;;;1,82;2,06;2,12;2,69;3,11;3,11;3,21;4,5;6,88;10,23
510100;Phe;%;;0,43;;0,43;0,51;0,48;0,48;0,6;0,45;0,52;0,55;0,53;0,58;0,37;;1,95;2,01;;2,16;2,2;2,29;2,32;2,37;2,29;0,44;4,54;;0,64;0,67;0,62;;3,82;0,78;1,27;1,53;1,67;1,38;0,84;;;1,07;1,17;1,22;1,5;1,54;1,54;1,85;2,53;3,89;5,71
510110;Tyr;%;;0,29;;0,29;0,33;0,43;0,43;0,29;0,28;0,29;0,35;0,33;0,35;0,31;;1,34;1,36;;1,48;1,53;1,55;1,51;1,6;1,8;0,34;3,25;;0,34;0,41;0,45;;3,15;0,54;0,62;0,79;0,95;1,03;0,51;;;0,58;0,65;0,81;0,88;1,1;1,1;0,96;1,79;2,74;2,39
510120;P+T;%;;0,72;;0,72;0,85;0,91;0,91;0,86;0,73;0,81;0,89;0,85;0,93;0,64;;3,29;3,37;;3,64;3,73;3,84;3,83;3,97;4,09;0,78;7,79;;0,98;1,07;1,07;;6,97;1,32;1,88;2,32;2,62;2,41;1,32;;;1,65;2,03;2,03;2,38;2,64;2,64;2,81;4,32;6,63;8,1
510130;His;%;;0,24;;0,24;0,33;0,24;0,24;0,25;0,25;0,24;0,25;0,27;0,33;0,17;;0,98;0,99;;1,13;1,13;1,19;1,18;1,23;1,28;0,28;2,4;;0,33;0,38;0,4;0,44;1,27;0,7;0,68;0,84;0,91;0,94;0,41;;;0,46;0,61;0,6;0,72;0,85;0,85;0,91;1,13;0,97;4,64
510140;Arg;Arg;;0,38;;0,38;0,5;0,34;0,34;0,49;0,54;0,52;0,73;0,55;0,67;0,54;;2,68;2,81;;3,15;3,19;3,34;3,36;3,48;3,47;0,58;7,1;;1,03;1,15;1,02;1,14;1,94;1,03;2,24;2,83;3;2,13;2,37;;;3,24;3,38;3,16;3,59;3,65;3,65;3,68;4,21;5,4;3,61
510150;Ala;%;;0,61;;0,61;0,87;0,87;0,87;1,05;0,43;0,42;0,48;0,41;0,56;0,38;;1,41;1,63;;1,89;1,83;1,95;2,02;1,95;1,99;0,49;4,1;;0,81;0,85;0,63;;5,29;1,62;1,24;1,46;1,6;1,49;0,81;;;3,42;3,59;2,91;;3,62;3,62;;3,03;3,71;3,03
510160;Asp;%;;0,53;;0,53;0,74;0,18;0,18;1,08;0,65;0,61;0,82;0,58;0,83;0,63;;3,88;4,5;;5,03;5,12;5,08;5,21;5,28;5,14;1,03;11;;1,19;1,25;0,94;;3,61;1,33;2,55;3,02;3,39;2,42;1,55;;;2,44;2,8;2,95;;3,82;3,82;;4,14;5,35;4,14
510170;Glu;%;;1,54;;1,54;2,03;1,97;1,97;2,56;2,42;2,42;1,88;3,2;3,41;1,19;;6,17;7,12;;7,96;8,07;8,12;8,19;8,51;8,08;1,44;17,3;;1,94;2;2,98;;12,56;3,59;5,41;6,47;7,15;5,78;3,49;;;4,4;4,83;4,88;;6,18;6,18;;6,93;8,67;6,93
510180;Gly;Gly;;0,32;;0,32;0,41;0,29;0,29;0,37;0,43;0,41;0,5;0,45;0,71;0,31;;1,48;1,66;;1,86;1,85;1,89;1,92;1,9;1,9;0,78;3,95;;0,67;0,7;0,7;;1,65;1,07;1,66;1,95;2,23;1,69;0,84;;;7,34;7,54;5,02;;6,3;6,3;;4,75;6,15;4,75
510190;Ser;%;;0,41;;0,41;0,45;0,43;0,43;0,61;0,45;0,44;0,48;0,54;0,62;0,34;;1,78;1,85;;2,23;2,17;1,78;2,32;2,32;2,28;0,63;5,25;;0,64;0,67;0,64;;3,08;1,04;1,22;1,47;1,64;1,5;0,89;;;1,25;1,33;1,58;;2,32;2,32;;3,9;8,85;3,9
510200;Pro;%;;0,75;;0,75;1,13;0,8;0,8;;0,71;1,07;0,57;1,11;1,09;0,33;;1,83;;;2,16;;2,23;2,29;2,29;2,39;0,46;1,55;;0,62;0,65;0,98;;5,32;2,21;1,18;1,46;1,47;2,11;0,7;;;4,5;4,35;3,34;;4,18;4,18;;4,34;7,83;4,34
520000;***************>COEF.EQ.AAT<************;******;;;;;;;;;;;;;;;;;;;;;;;;;;;;;;;;;;;;;;;;;;;;;;;;;;
520010;Lys-coef.a;@none;;0,08;;0,08;;0,09;0,09;;;;;;;;;;;;;;;-0,13;;-0,13;;;;;;0,04;;;-0,24;;;;;;;;;;-1,06;;-1,06;-1,06;;-0,26;;
520015;Lys-coef.b;@none;;0,02;;0,02;;0,01;0,01;;;;;;;;;;;;;;;0,06;;0,06;;;;;;0,04;;;0,04;;;;;;;;;;0,07;;0,07;0,07;;0,06;;
520020;Thr-coef.a;Thr-co;;0,03;;0,03;;0,03;0,03;;;;;;;;;;;;;;;0,06;;0,06;;;;;;0,05;;;-0,13;;;;;;;;;;-0,81;;-0,81;-0,81;;-0,73;;
520025;Thr-coef.b;Thr-co;;0,03;;0,03;;0,03;0,03;;;;;;;;;;;;;;;0,04;;0,04;;;;;;0,03;;;0,04;;;;;;;;;;0,05;;0,05;0,05;;0,05;;
520030;Met-coef.a;Met-co;;0,03;;0,03;;0,04;0,04;;;;;;;;;;;;;;;0,01;;0,01;;;;;;;;;-0,03;;;;;;;;;;-0,44;;-0,44;-0,44;;-0,49;;
520035;Met-coef.b;Met-co;;0,02;;0,02;;0,01;0,01;;;;;;;;;;;;;;;0,01;;0,01;;;;;;0,02;;;;;;;;;;;;;0,02;;0,02;0,02;;0,03;;
520050;M+C-coef.a;M+C-co;;0,13;;0,13;;0,1;0,1;;;;;;;;;;;;;;;0,14;;0,14;;;;;;0,16;;;;;;;;;;;;;-0,72;;-0,72;-0,72;;-0,57;;
520055;M+C-coef.b;M+C-co;;0,03;;0,03;;0,03;0,03;;;;;;;;;;;;;;;0,03;;0,03;;;;;;0,03;;;;;;;;;;;;;0,04;;0,04;0,04;;0,04;;
520060;Trp-coef.a;Trp-co;;0,02;;0,02;;0,02;0,02;;;;;;;;;;;;;;;0,1;;0,1;;;;;;0,07;;;;;;;;;;;;;-0,4;;-0,4;-0,4;;-0,28;;
520065;Trp-coef.b;Trp-co;;;;;;0,01;0,01;;;;;;;;;;;;;;;0,01;;0,01;;;;;;0,01;;;;;;;;;;;;;0,01;;0,01;0,01;;0,01;;
600000;***************>AA COEF. DV.A<**********;******;;;;;;;;;;;;;;;;;;;;;;;;;;;;;;;;;;;;;;;;;;;;;;;;;;
600010;Lys-Coef.DV;%;;82;;82;92,5;82;73;92,06;85,92;78;86;82,91;83,51;;;91;95,28;;93,31;93,71;91;91;94,08;91;;;;74;72;75;66,18;86;73;79,69;82,38;83,69;78;;;;75,43;82,81;83;82,22;85;75;;78;69;67
600020;Thr-Coef.DV;%;;83;;83;91,34;82;70;85,24;88,62;76;80;82,93;90,4;;;88;90,77;;90,38;89,46;88,6;89;92,64;89;;;;69;67;74;55,88;91;74;84,86;85,22;85,94;84;;;;67,52;74,12;79;78,91;84;76;;76;74;72
600030;Met-Coef.DV;%;;91;;91;95,94;88;75;92,51;89,5;80;88;90;86,83;;;90;94,47;;93,46;94,61;91,65;92;93,61;92;;;;78;76;73;62,5;98;84;91,31;92,34;93;87;;;;60,74;70,56;78;78,69;89;81;;80;76;70
600040;Cys-Coef.DV;%;;86;;86;93,44;83;65;;82;83;84;45,5;91,98;;;83;83,26;;;83,43;86;84;86,21;84;;;;66;64;74;76;92;66;82,36;83,47;83,75;82;;;;47,85;52,57;71;;66;57;;61;47;51
600050;M+C-Coef.DV;%;;88,31;;88,31;;85,22;69,44;89,21;82,08;82;85;88,98;89,81;;;86,12;88,82;;87,28;89;88,09;88,09;89,81;87,89;;;;72;70;73,58;70;95,45;73,4;87,31;88,5;89,13;84;;;;62,62;70,38;73,96;77,31;79,2;70,77;;71,8;51,61;60,17
600060;Trp-Coef.DV;%;;87;;87;87,88;89;67;92,86;92,86;;;85,71;;;;88;92,16;;;;90,77;91;98,6;91;;;;;;80;75,45;85;80;;;;;;;;63,16;75;75;76;82;74;;80;62;91
600070;Ile-Coef.DV;%;;88;;88;93,89;89;74;91,3;90,37;80;87;89,19;90,41;;;90;93,43;;91,59;92,67;91,5;91;93,7;91;;;;75;68;77;78,18;93;82;89,36;90,34;90,88;87;;;;70,85;79,48;81;82,61;87;79;;79;83;53
600080;Val-Coef.DV;%;;87;;87;93,92;83;74;88,99;86,5;80;85;86,59;87,26;;;90;92,04;;88,43;90,36;90,1;90;92,21;90;;;;76;71;74;77,03;94;82;88,39;89,03;90;88;;;;69,33;75,94;79;76,56;86;78;;76;79;66
600090;Leu-Coef.DV;%;;94;;94;97,54;94;57;94,56;90,92;83;87;89,55;91,18;;;91;93,86;;92,39;92,36;91,47;91;93,61;91;;;;75;70;77;79,59;90;89;88,97;89,94;91,38;90;;;;73,77;82,2;84;79,93;88;81;;80;80;69
600100;Phe-Coef.DV;%;;92;;92;97,45;98;77;94,88;92,18;84;90;89,52;94,46;;;91;95,09;;93,51;93,48;91,93;91;95,07;91;;;;75;70;78;;96;87;90,75;91,69;92,69;91;;;;72,46;82,13;87;78;88;81;;81;83;72
600110;Tyr-Coef.DV;%;;94;;94;96,97;91;73;;90;81;86;44;95,24;;;89;96,56;;94,23;94,86;93;93;94,31;93;;;;80;80;78;;95;84;86,67;85,98;87,38;91;;;;76,65;79,9;79;;82;75;;90;87;58
600120;P+T-Coef.DV;%;;92,81;;92,81;;94,69;75,11;94,12;88,97;83;88;88,6;93,41;;;90,19;95,52;;;;92,28;91,79;93;91,88;;;;76;73;78;;95,55;85,77;91;91;;91;;;;73,18;84,24;83,81;79,83;85,5;78,5;;84,73;84,65;67,87
600130;His-Coef.DV;%;;93;;93;98,1;87;59;96,22;89,94;84;91;89,44;88,54;;;91;98,04;;94,08;95,39;92,65;93;95,37;93;;;;81;83;79;81,82;94;82;87,86;88,25;88,44;89;;;;55,89;59,73;65;83,33;82;76;;79;77;71
600140;Arg-Coef.DV;%;;91;;91;96,64;95;74;96,45;89,3;83;91;88,95;98,54;;;94;98,28;;96,74;97,34;93,3;94;95,61;94;;;;86;86;87;83,68;95;75;91,61;92,47;92;89;;;;78,3;80,4;83;79,67;89;81;;82;84;71
600150;Ala-Coef.DV;%;;94;;94;95,65;95;75;;;73;83;84;76,7;;;83;87,57;;84,86;86,91;89;89;89,47;89;;;;;;;;96;;83,47;85,16;86,38;89;;;;75,75;75,9;83;;83;76;;79;78;76
600160;Asp-Coef.DV;%;;90;;90;93,72;90;71;;;75;86;85;83,78;;;87;91,81;;91,41;92,56;91;91;93,91;91;;;;;;;;93;;87,5;88,41;88,25;85;;;;64,1;63,63;76;;76;69;;65;62;72
600170;Glu-Coef.DV;%;;96;;96;96,99;96;76;;;89;93;96;96,29;;;88;95,71;;94,59;95,62;94;94;95,91;94;;;;;;;;96;;92,86;93,38;94;92;;;;76,45;77,13;83;;83;76;;78;71;76
600180;Gly-Coef.DV;%;;89;;89;;;;;;88;;82;;;;82;;;;;85;85;91,25;85;;;;;;;;87;;82;82;;83;;;;74,6;74,3;81;;81;74;;80;80;75
600190;Ser-Coef.DV;%;;93;;93;94,82;93;74;;88;78;82;90;94,72;;;85;;;91,97;92,7;92;92;94,43;92;;;;;;;;94;;86,17;86,5;86,94;88;;;;68,3;68,97;80;;80;73;;78;81;76
600200;Pro-Coef.DV;%;;96;;96;97,05;96;76;;;87;90;96;;;;88;;;;;93;93;96,03;93;;;;;;;;95;;88,42;89,03;89,04;89;;;;69;67;84;;84;77;;78;75;78
610000;***************>AA DV.A<****************;@none;;;;;;;;;;;;;;;;;;;;;;;;;;;;;;;;;;;;;;;;;;;;;;;;;;
610010;Lys-DV;Lys-DV;;0,2;;0,2;0,31;0,17;0,15;0,33;0,33;0,31;0,36;0,27;0,4;;;2,05;2,2;;2,48;2,56;2,51;2,56;2,71;2,68;;;;74;0,47;0,46;0,45;0,89;0,45;0,79;0,99;1,03;1,51;;;;1,33;1,64;1,57;1,85;2,18;1,93;;2,53;1,51;4,76
610020;Thr-DV;Thr-DV;;0,26;;0,26;0,33;0,25;0,21;0,4;0,3;0,27;0,3;0,28;0,39;;;1,28;1,38;;1,55;1,55;1,56;1,6;1,67;1,66;;;;69;0,37;0,36;0,38;1,89;0,58;0,91;1,09;1,22;1,28;;;;0,67;0,81;0,9;1,16;1,3;1,18;;1,88;2,86;2,66
610030;Met-DV;Met-DV;;0,15;;0,15;0,18;0,14;0,12;0,26;0,17;0,15;0,17;0,17;0,19;;;0,44;0,5;;0,57;0,57;0,57;0,6;0,6;0,63;;;;78;0,24;0,16;0,17;1,42;0,31;0,6;0,71;0,76;0,64;;;;0,26;0,35;0,38;0,48;0,62;0,57;;0,9;0,48;0,69
610040;Cys-DV;Cys-DV;;0,17;;0,17;0,24;0,17;0,13;;0,21;0,2;0,27;0,12;0,29;;;0,51;;;;0,53;0,55;0,53;0,59;0,6;;;;66;0,18;0,23;0,27;0,98;0,35;0,39;0,46;0,52;0,7;;;;0,12;0,18;0,48;;0,34;0,3;;0,52;1,57;0,54
610050;M+C-DV;M+C-DV;;0,32;;0,32;;0,31;0,25;0,43;0,37;0,36;0,44;0,4;0,49;;;0,95;0,94;;1,08;1,11;1,11;1,13;1,12;1,23;;;;72;0,42;0,39;0,44;2,41;0,66;0,99;1,17;1,28;1,34;;;;0,43;0,58;0,86;0,92;0,97;0,86;;1,41;2,04;1,22
610060;Trp-DV;Trp-DV;;0,05;;0,05;0,06;0,09;0,07;0,14;0,12;;;0,12;;;;0,47;0,47;;;;0,55;0,6;0,56;0,58;;;;;;0,16;0,17;0,24;0,12;;;;;;;;0,12;0,15;0,15;0,19;0,22;0,2;;0,47;0,3;1,07
610070;Ile-DV;Ile-DV;;0,28;;0,28;0,35;0,36;0,3;0,46;0,34;0,3;0,36;0,37;0,43;;;1,53;1,71;;1,79;1,86;1,93;1,94;2,06;1,99;;;;75;0,35;0,39;0,43;2,34;0,57;1,03;1,24;1,3;1,26;;;;0,6;0,76;0,79;0,95;1,18;1,07;;1,92;3,3;0,42
610080;Val-DV;%;;0,37;;0,37;0,57;0,41;0,37;0,59;0,36;0,42;0,48;0,44;0,53;;;1,63;1,79;;1,8;1,89;1,95;1,94;2,07;2;;;;76;0,56;0,51;0,57;2,67;0,87;1,22;1,47;1,58;1,58;;;;0,99;1,18;1,26;1,47;1,81;1,64;;2,39;4,66;4,24
610090;Leu-DV;Leu-DV;;1;;1;1,25;1,17;0,71;1,22;0,63;0,61;0,69;0,7;0,83;;;2,62;2,81;;3,03;3,11;3,12;3,24;3,34;3,19;;;;75;0,75;0,73;0,78;8,96;1,79;1,6;1,93;2,17;2,15;;;;1,34;1,69;1,78;2,15;2,74;2,52;;3,6;5,5;7,06
610100;Phe-DV;%;;0,4;;0,4;0,5;0,47;0,37;0,57;0,41;0,44;0,49;0,48;0,55;;;1,77;1,91;;2,02;2,06;2,11;2,11;2,25;2,08;;;;75;0,47;0,48;;3,67;0,68;1,15;1,4;1,55;1,25;;;;0,78;0,96;1,06;1,17;1,36;1,25;;2,05;3,23;4,11
610110;Tyr-DV;%;;0,27;;0,27;0,32;0,39;0,31;;0,26;0,23;0,3;0,14;0,33;;;1,19;1,31;;1,39;1,45;1,44;1,4;1,51;1,67;;;;80;0,32;0,35;;2,99;0,45;0,53;0,68;0,83;0,94;;;;0,44;0,52;0,64;;0,9;0,82;;1,61;2,38;1,39
610120;P+T-DV;P+T-DV;;0,67;;0,67;;0,86;0,68;0,81;0,65;0,68;0,79;0,75;0,87;;;2,97;3,22;;;;3,54;3,51;3,69;3,76;;;;76;0,78;0,83;;6,66;1,13;1,71;2,11;;2,19;;;;1,21;1,71;1,7;1,9;2,26;2,07;;3,66;5,61;5,5
610130;His-DV;%;;0,22;;0,22;0,32;0,21;0,14;0,24;0,22;0,2;0,23;0,24;0,29;;;0,89;0,97;;1,06;1,07;1,11;1,1;1,18;1,19;;;;81;0,31;0,32;0,36;1,19;0,57;0,59;0,74;0,8;0,84;;;;0,26;0,37;0,39;0,6;0,7;0,65;;0,89;0,75;3,29
610140;Arg-DV;Arg-DV;;0,35;;0,35;0,49;0,32;0,25;0,47;0,48;0,43;0,66;0,49;0,66;;;2,52;2,76;;3,04;3,11;3,12;3,16;3,32;3,26;;;;86;0,98;0,89;0,95;1,84;0,77;2,06;2,62;2,76;1,9;;;;2,53;2,71;2,62;2,86;3,25;2,96;;3,45;4,54;2,56
610150;Ala-DV;%;;0,57;;0,57;0,83;0,83;0,65;;;0,31;0,4;0,34;0,43;;;1,17;1,43;;1,6;1,59;1,73;1,8;1,74;1,77;;;;;;;;5,08;;1,03;1,24;1,38;1,32;;;;2,59;2,72;2,41;;3;2,75;;2,39;2,89;2,3
610160;Asp-DV;%;;0,48;;0,48;0,7;0,16;0,13;;;0,46;0,71;0,49;0,69;;;3,38;4,13;;4,59;4,73;4,62;4,74;4,96;4,68;;;;;;;;3,36;;2,23;2,67;2,99;2,05;;;;1,57;1,78;2,24;;2,9;2,64;;2,69;3,32;2,98
610170;Glu-DV;%;;1,48;;1,48;1,96;1,89;1,5;;;2,15;1,75;3,07;3,28;;;5,43;6,81;;7,53;7,72;7,63;7,7;8,16;7,6;;;;;;;;12,06;;5,02;6,04;6,72;5,31;;;;3,36;3,72;4,05;;5,13;4,7;;5,41;6,16;5,27
610180;Gly-DV;%;;0,28;;0,28;;;;;;0,37;;0,37;;;;1,21;;;;;1,6;1,63;1,74;1,61;;;;;;;;1,44;;1,36;1,6;;1,4;;;;5,48;5,6;4,07;;5,1;4,66;;3,8;4,92;3,56
610190;Ser-DV;%;;0,38;;0,38;0,42;0,4;0,32;;0,4;0,34;0,4;0,48;0,59;;;1,51;;;2,06;2,02;1,64;2,13;2,19;2,1;;;;;;;;2,9;;1,05;1,27;1,43;1,32;;;;0,85;0,92;1,27;;1,86;1,69;;3,04;7,17;2,96
610200;Pro-DV;%;;0,72;;0,72;1,1;0,77;0,61;;;0,94;0,52;1,07;;;;1,61;;;;;2,07;2,13;2,2;2,24;;;;;;;;5,05;;1,04;1,3;1,31;1,88;;;;3,1;2,91;2,8;;3,51;3,22;;3,39;5,87;3,39
700000;***************>AA COEF. DIV.C<*********;******;;;;;;;;;;;;;;;;;;;;;;;;;;;;;;;;;;;;;;;;;;;;;;;;;;
700010;Lys-Coef.DIV;%;;80;;80;;79;73;81,75;82,29;75;73;81,41;82;88,28;;90;;;90;89;89,24;87;92;90;60;95;;73;;73;70,59;89;61;80;82;83;76,5;51;;;;69,84;79;72;84;72;;76;67;71
700020;Thr-Coef.DIV;%;;82;;82;;75;76;80,33;80,71;75;69;82,93;79;85,7;;89;;;86;85;85,92;83;89;87;61;94;;67;;69;72,06;92;71;82;81;84;75,5;51;;;;74,56;78;74,15;82;64;;74;80;66
700030;Met-Coef.DIV;%;;91;;91;;91;81;92,31;90;84;84;89,5;87;;;91;;;91;91;92,15;91;93;92;71;93;;75;;79;78,57;93;81;92;92;90;86,5;67;;;;73,47;86;70,49;86;76;;75;71;56
700040;Cys-Coef.DIV;%;;88;;88;;71;65;;91;84;75;45,5;83;;;80;;;86;84;86;83;89;86;63;94;;65;;76;77,14;92;67;81;82;81;82;54;;;;;50;;67;46;;68;71;60
700050;M+C-Coef.DIV;%;;89,39;;89,39;;79,89;72,11;91,3;90,29;84;78;90,65;85;;;84,9;;;89;;89,38;87,09;91;88,91;66;93,5;;70;;77,25;77,78;92,58;72,76;88;88;;84;;;;;70,69;65,21;69,75;77,9;63,21;;71,98;71;58,07
700060;Trp-Coef.DIV;%;;81;;81;;80;78;85,71;86,86;79;78;86,86;84;;;86;;;89;87;89,12;89;91;90;63;94;;70;;75;74;87;71;85;84;;77,5;63;;;;60;70;68;80;78;;74;70;70
700070;Ile-Coef.DIV;%;;88;;88;;86;58;87,35;87,09;81;79;88,69;85;90,91;;91;;;89;88;89,08;82;91;90;68;94;;68;;75;79,45;92;74;86;85;84;78;68;;;;72,45;80;65,22;84;72;;79;87;65
700080;Val-Coef.DIV;%;;88;;88;;80;79;88;85;80;77;85,59;83;89,73;;90;;;88;86;87,19;89;90;89;61;94;;68;;74;82,3;91;72;84;83;82;77;68;;;;68,75;78;70,83;83;68;;73;84;64
700090;Leu-Coef.DIV;%;;90;;90;;86;85;89,77;87,92;83;81;89,64;86;92,24;;91;;;89;88;88,55;90;91;90;70;95;;69;;77;89,18;95;76;87;85;85;81,5;68;;;;71,7;82;73,61;85;70;;78;85;61
700100;Phe-Coef.DIV;%;;91;;91;;85;83;90;89,68;84;84;91,8;88;90,47;;86;;;90;88;90,5;90;92;91;72;96;;68;;80;;94;81;90;87;86;82,5;71;;;;76,23;83;76;85;72;;79;87;64
700110;Tyr-Coef.DIV;%;;90;;90;;85;84;87,02;90;83;80;45;88;86,24;;88;;;91;90;92;91;93;91;64;96;;74;;80;;94;78;92;89;88;79,5;;;;;;80;;82;70;;74;77;72
700120;P+T-Coef.DIV;%;;90,6;;90,6;;85;83,47;88,24;88,84;83;82;90,85;88;;;86,81;;;91;;90,49;90,39;93;91;69;96;;71;;80;;94;79,77;91;88;;82;;;;;76,35;81,8;74,79;83,75;71,17;;76,93;82,87;66,36
700130;His-Coef.DIV;%;;88;;88;;78;82;94,53;87,09;81;83;89,44;88;90,02;;88;;;91;90;91,65;92;92;91;58;97;;83;;79;91,36;92;84;86;84;85;84,5;63;;;;76,67;75;75;79;71;;72;74;69
700140;Arg-Coef.DIV;%;;92;;92;;82;68;94,77;89,94;83;88;87,64;91;94,6;;95;;;94;93;94,15;95;95;94;84;99;;85;;84;85,18;95;84;95;93;93;86;81;;;;83,86;80;83,29;86;75;;83;85;66
700150;Ala-Coef.DIV;%;;89;;89;;81;76;91,72;80;71;69;80;78;89,85;;83;;;86;;86;86;88;86;56;91;;70;;66;;93;71;83;82;;80;;;;;;81;;83;72;;79;79;79
700160;Asp-Coef.DIV;%;;87;;87;;82;77;92,15;85;76;76;83;82;91,4;;87;;;89;;90;89;91;90;69;96;;71;;71;;93;60;85;84;;76;;;;;;74;;76;55;;65;63;72
700170;Glu-Coef.DIV;%;;93;;93;;86;80;92,05;95;88;86;95;93;93;;88;;;90;;90;90;93;90;74;97;;80;;86;;93;75;91;90;;87;;;;;;81;;83;71;;78;73;73
700180;Gly-Coef.DIV;%;;82;;82;;66;62;88,12;85;76;70;86;80;92,65;;82;;;84;;85;84;90;85;38;95;;67;;65;;84;63;72;73;;78;;;;;;79;;81;71;;80;81;72
700190;Ser-Coef.DIV;%;;89;;89;;81;76;93,28;88;81;74;89;85;90,57;;85;;;89;;89;89;91;89;59;96;;70;;74;;95;75;82;82;;78;;;;;;78;;80;61;;78;82;72
700200;Pro-Coef.DIV;%;;89;;89;;50;47;;94;84;72;95;89;;;88;;;;;90;89;92;90;;90;;62;;81;;79;79;87;87;;78;;;;;;82;;84;72;;78;77;75
710000;***************>AA DIV.C<***************;******;;;;;;;;;;;;;;;;;;;;;;;;;;;;;;;;;;;;;;;;;;;;;;;;;;
710010;Lys-DIV;%;;0,2;;0,2;;0,17;0,15;0,29;0,31;0,3;0,3;0,27;0,4;0,26;;2,02;;;2,39;2,43;2,46;2,44;2,65;2,65;;5,42;;0,43;;0,45;0,48;0,93;0,37;0,79;0,98;1,03;1,48;0,3;;;;1,38;1,49;1,62;2,16;1,85;;2,46;1,47;5,04
710020;Thr-DIV;%;;0,25;;0,25;;0,23;0,23;0,38;0,27;0,27;0,26;0,28;0,34;0,22;;1,3;;;1,48;1,47;1,51;1,49;1,61;1,62;;3,01;;0,33;;0,33;0,49;1,91;0,56;0,88;1,03;1,19;1,15;0,33;;;;0,81;0,89;1,09;1,27;0,99;;1,83;3,09;2,44
710030;Met-DIV;%;;0,15;;0,15;;0,15;0,13;0,26;0,17;0,15;0,16;0,17;0,19;;;0,45;;;0,56;0,55;0,58;0,6;0,6;0,63;;1,12;;0,2;;0,17;0,22;1,35;0,3;0,6;0,71;0,73;0,64;0,22;;;;0,36;0,42;0,43;0,6;0,53;;0,84;0,45;0,55
710040;Cys-DIV;%;;0,17;;0,17;;0,14;0,13;;0,23;0,21;0,24;0,12;0,27;;;0,49;;;0,53;0,53;0,55;0,52;0,61;0,62;;1,13;;0,17;;0,24;0,27;0,98;0,36;0,38;0,46;0,5;0,7;0,15;;;;;0,34;;0,35;0,24;;0,58;2,36;0,63
710050;M+C-DIV;%;;0,32;;0,32;;0,29;0,26;0,44;0,4;0,36;0,4;0,41;0,46;;;0,93;;;1,1;;1,13;1,12;1,14;1,24;;2,24;;0,37;;0,41;0,49;2,33;0,65;0,99;1,17;;1,34;;;;;0,58;0,76;0,83;0,95;0,77;;1,42;2,81;1,18
710060;Trp-DIV;%;;0,05;;0,05;;0,08;0,08;0,13;0,11;0,1;0,1;0,12;0,14;;;0,46;;;0,5;0,53;0,54;0,58;0,52;0,58;;0,85;;0,11;;0,15;0,15;0,24;0,11;0,29;0,35;;0,34;0,14;;;;0,12;0,14;0,17;0,22;0,21;;0,44;0,34;0,83
710070;Ile-DIV;%;;0,28;;0,28;;0,34;0,23;0,44;0,32;0,31;0,32;0,37;0,41;0,32;;1,55;;;1,74;1,77;1,88;1,75;2,01;1,97;;3,57;;0,33;;0,38;0,44;2,32;0,52;0,99;1,17;1,2;1,13;0,49;;;;0,7;0,78;0,75;1,14;0,98;;1,92;3,46;0,52
710080;Val-DIV;%;;0,38;;0,38;;0,4;0,4;0,59;0,36;0,42;0,43;0,44;0,51;0,39;;1,63;;;1,79;1,8;1,89;1,91;2,02;1,98;;3,76;;0,49;;0,51;0,61;2,58;0,76;1,16;1,38;1,44;1,38;0,71;;;;1,07;1,25;1,36;1,74;1,43;;2,3;4,96;4,11
710090;Leu-DIV;%;;0,95;;0,95;;1,07;1,05;1,15;0,61;0,61;0,64;0,7;0,78;0,59;;2,62;;;2,92;2,97;3,02;3,21;3,24;3,16;;6,55;;0,68;;0,73;0,87;9,45;1,53;1,57;1,83;2,02;1,95;0,89;;;;1,47;1,74;1,98;2,64;2,18;;3,51;5,85;6,24
710100;Phe-DIV;%;;0,39;;0,39;;0,41;0,4;0,54;0,4;0,44;0,46;0,49;0,51;0,33;;1,68;;;1,94;1,94;2,07;2,09;2,18;2,08;;4,36;;0,43;;0,5;;3,59;0,63;1,14;1,33;1,44;1,14;0,6;;;;0,89;1,01;1,14;1,31;1,11;;2;3,38;3,65
710110;Tyr-DIV;%;;0,26;;0,26;;0,37;0,36;0,26;0,26;0,24;0,28;0,15;0,31;0,27;;1,18;;;1,35;1,37;1,43;1,37;1,49;1,64;;3,12;;0,26;;0,36;;2,96;0,42;0,57;0,71;0,84;0,82;;;;;;0,65;;0,9;0,77;;1,32;2,11;1,72
710120;P+T-DIV;%;;0,65;;0,65;;0,77;0,76;0,76;0,65;0,68;0,73;0,77;0,82;;;2,86;;;3,31;;3,47;3,46;3,69;3,72;;7,48;;0,7;;0,86;;6,55;1,05;1,71;2,04;;1,97;;;;;1,55;1,66;1,78;2,21;1,88;;3,32;5,49;5,38
710130;His-DIV;%;;0,21;;0,21;;0,19;0,2;0,24;0,22;0,19;0,21;0,24;0,29;0,15;;0,86;;;1,03;1,01;1,09;1,09;1,13;1,16;;2,33;;0,27;;0,32;0,4;1,17;0,59;0,58;0,7;0,77;0,8;0,26;;;;0,47;0,45;0,54;0,67;0,6;;0,81;0,72;3,2
710140;Arg-DIV;%;;0,35;;0,35;;0,28;0,23;0,46;0,49;0,43;0,64;0,48;0,61;0,51;;2,55;;;2,96;2,97;3,15;3,2;3,3;3,26;;7,03;;0,88;;0,86;0,97;1,84;0,87;2,13;2,63;2,79;1,83;1,92;;;;2,83;2,53;2,99;3,14;2,74;;3,49;4,59;2,38
710150;Ala-DIV;%;;0,54;;0,54;;0,7;0,66;0,96;0,34;0,3;0,33;0,32;0,43;0,34;;1,17;;;1,62;;1,67;1,74;1,71;1,71;;3,73;;0,57;;0,42;;4,92;1,15;1,03;1,19;;1,19;;;;;;2,35;;3;2,61;;2,39;2,93;2,39
710160;Asp-DIV;%;;0,46;;0,46;;0,15;0,14;0,99;0,55;0,47;0,63;0,48;0,68;0,57;;3,38;;;4,47;;4,57;4,63;4,8;4,63;;10,56;;0,84;;0,67;;3,36;0,8;2,17;2,54;;1,84;;;;;;2,18;;2,9;2,1;;2,69;3,37;2,98
710170;Glu-DIV;%;;1,43;;1,43;;1,69;1,58;2,36;2,3;2,13;1,62;3,04;3,17;1,1;;5,43;;;7,16;;7,31;7,37;7,91;7,27;;16,78;;1,55;;2,56;;11,68;2,69;4,92;5,82;;5,02;;;;;;3,95;;5,13;4,39;;5,41;6,33;5,06
710180;Gly-DIV;%;;0,26;;0,26;;0,19;0,18;0,33;0,37;0,32;0,35;0,39;0,57;0,29;;1,21;;;1,57;;1,6;1,62;1,71;1,61;;3,75;;0,45;;0,46;;1,39;0,67;1,2;1,42;;1,32;;;;;;3,96;;5,1;4,47;;3,8;4,98;3,42
710190;Ser-DIV;%;;0,36;;0,36;;0,35;0,33;0,57;0,4;0,36;0,36;0,48;0,53;0,31;;1,51;;;1,99;;1,58;2,06;2,11;2,03;;5,04;;0,45;;0,47;;2,93;0,78;1;1,21;;1,17;;;;;;1,23;;1,86;1,42;;3,04;7,26;2,81
710200;Pro-DIV;%;;0,67;;0,67;;0,4;0,38;;0,67;0,9;0,41;1,06;0,97;;;1,61;;;;;2,01;2,04;2,11;2,15;;1,4;;0,38;;0,79;;4,2;1,75;1,03;1,27;;1,65;;;;;;2,74;;3,51;3,01;;3,39;6,03;3,25
720000;***************>AA COEF. DIA.C<*********;******;;;;;;;;;;;;;;;;;;;;;;;;;;;;;;;;;;;;;;;;;;;;;;;;;;
720010;Lys-Coef.DIA;%;;66;;66;65,2;63;;72,67;76,73;66;68,1;73,8;76;76,13;;86;;;87;85;87,2;87;89,75;87;56,8;88;;68;;63;;86;51;77,2;79,85;74;73,9;51;;;;;74;;83;;;78;54;56
720020;Thr-Coef.DIA;%;;69;;69;61,4;67;;75,56;72,87;68,57;60,4;74,95;72;63,4;;81;;;82;78;82,7;82;85;82;54,95;85;;61;;57;;91;57;79;78,85;71;71,13;51;;;;;70;;79;;;72;74;54
720030;Met-Coef.DIA;%;;86;;86;85,1;81;;72;86,43;80,73;79,8;85,85;83;74;;83;;;88;86;88,35;88;90,8;88;67,85;88;;71;;72;;94;79;90,95;90,15;87;84,67;67;;;;;79;;85;;;74;65;42
720040;Cys-Coef.DIA;%;;78;;78;;71;;82;85,67;81,57;67,07;86,1;78;66;;77;;;82;77;81,65;82;85,4;82;57,05;82;;60;;66;;91;53;77,95;79,8;74;79,5;54;;;;;55;;55;;;70;71;55
720050;M+C-Coef.DIA;%;;81,7;;81,7;;75,44;;;87,05;78,95;74,9;86;81;;;79,67;;;85;;84,8;85,07;88,05;84,91;62;85;;65;;68,49;;92,73;63,69;86;86;;82,75;;;;;;65,14;;72,21;;;72,27;70,05;48,72
720060;Trp-Coef.DIA;%;;64;;64;;71;;84;78,6;73,7;73,3;82,9;79;64;;74;;;84;80;85,85;84;88,35;85;56,85;85;;60;;70;;83;47;82,85;82,15;76;75,53;63;;;;;60;;73;;;74;63;65
730000;***************>AA DIA.C<***************;******;;;;;;;;;;;;;;;;;;;;;;;;;;;;;;;;;;;;;;;;;;;;;;;;;;
730010;Lys-DIA;%;;0,17;;0,17;0,22;0,13;;0,26;0,29;0,26;0,28;0,24;0,37;0,23;;1,94;;;2,31;2,32;2,4;2,44;2,58;2,56;;5,02;;0,4;;0,38;;0,89;0,31;0,77;0,96;0,91;1,43;0,3;;;;;1,4;;2,13;;;2,53;1,18;3,98
730020;Thr-DIA;%;;0,21;;0,21;0,22;0,2;;0,36;0,23;0,24;0,23;0,26;0,31;0,16;;1,18;;;1,41;1,35;1,46;1,47;1,54;1,53;;2,72;;0,3;;0,27;;1,89;0,45;0,85;1,01;1;1,09;0,33;;;;;0,8;;1,22;;;1,78;2,86;2
730030;Met-DIA;%;;0,14;;0,14;0,16;0,13;;0,2;0,16;0,15;0,15;0,16;0,18;0,14;;0,41;;;0,54;0,52;0,55;0,58;0,58;0,6;;1,06;;0,19;;0,16;;1,36;0,29;0,6;0,69;0,71;0,62;0,22;;;;;0,39;;0,59;;;0,83;0,41;0,41
730040;Cys-DIA;%;;0,15;;0,15;;0,14;;0,17;0,21;0,2;0,22;0,23;;0,09;;0,47;;;0,51;0,49;0,52;0,51;0,58;0,59;;0,98;;0,16;;0,2;;0,97;0,28;0,37;0,44;0,46;0,68;0,15;;;;;0,37;;0,29;;;0,59;2,36;0,58
730050;M+C-DIA;%;;0,3;;0,3;;0,27;;;0,37;0,34;0,39;0,39;;;;0,88;;;1,05;;1,07;1,09;1,1;1,19;;2,04;;0,34;;0,36;;2,34;0,57;0,97;1,14;;1,32;;;;;;0,76;;0,88;;;1,42;2,77;0,99
730060;Trp-DIA;%;;0,04;;0,04;;0,07;;0,13;0,1;0,09;0,1;0,12;;0,06;;0,39;;;0,47;0,49;0,52;0,55;0,5;0,54;;0,77;;0,1;;0,14;;0,23;0,07;0,29;0,35;0,33;0,33;0,14;;;;;0,12;;0,2;;;0,44;0,31;0,77
800000;***************>OTROS<******************;******;;;;;;;;;;;;;;;;;;;;;;;;;;;;;;;;;;;;;;;;;;;;;;;;;;
800100;Lactosa;%;;;;;;;;;;;;;;;;;;;;;;;;;;;;;;;;;;;;;;;;;;;;;;;;;;
800200;Almidon;%;;64,1;;64,1;;64,1;64,1;;;;;;;;;;;;;;;;;;;;;;;;;17,2;13,6;;;;;;;;;;;;;;;;;
800300;Xantofila;%;;19;;19;;;;;;;;;;;;;;;;;;;;;;;;;;;;200;;;;;;;;;;;;;;;;;;
820000;***************>MINERALES<**************;******;;;;;;;;;;;;;;;;;;;;;;;;;;;;;;;;;;;;;;;;;;;;;;;;;;
820100;Materia Mineral;Materi;;1,28;;1,28;;1,55;1,55;1,7;2;;;1,7;;;;4,5;4,58;;;;6,5;6,5;6,5;6,07;;4;;9,23;;5,1;5;1,5;6,33;;;6;3,3;;0,21;;;;36,22;;29,04;29,04;;15,68;1,88;3,26
820200;Calcio;%;;0,03;;0,03;;0,04;0,04;0,1;0,04;;;0,05;;;;0,25;0,16;;;;0,3;0,3;0,3;0,33;;0,4;;0,11;;0,13;0,12;0,05;0,2;;;0,4;0,63;;;;;;14,31;;9,98;9,98;;4,4;0,35;0,3
820300;Fosforo Total;%;;0,24;;0,24;;0,27;0,27;0,2;0,3;;;0,33;;;;0,52;0,56;;;;0,55;0,55;0,55;0,66;;0,8;;1,61;;0,94;1,02;0,47;0,71;;;0,6;1,03;;;;;;6,2;;5,12;5,12;;2,6;0,67;0,24
820310;P-Coef.Disp.;%;;33,33;;33,33;;30;30;28;33,33;;;34,85;;;;40;32,14;;;;40;36;40;33;;40;;19,88;;30;42,16;35;32;;;33,33;48,54;;;;;;100;;100;100;;100;100;100
820320;Fosforo Disp.;%;;0,08;;0,08;;0,08;0,08;0,06;0,1;;;0,12;;;;0,21;0,18;;;;0,22;0,2;0,22;0,22;;0,32;;0,32;;0,28;0,43;0,16;0,23;;;0,2;0,5;;;;;;6,2;;5,12;5,12;;2,6;0,67;0,24
820400;Magnesio;%;;0,11;;0,11;;0,13;0,13;0,13;;;;;;;;0,23;;;;;;0,27;;0,3;;0,1;;;;0,42;;0,04;0,33;;;0,6;;;;;;;0,42;;0,41;0,41;;0,18;0,2;0,11
820500;Sodio;Sodio;;0,02;;0,02;;0,01;0,01;0,01;0,03;;;;;;;0,02;0,01;;;;0,01;0,07;0,01;0,02;;0,07;;0,04;;0,03;;0,02;0,08;;;0,1;;;;;;;0,71;;0,53;0,53;;0,51;0,39;0,4
820600;Cloro;Cloro;;0,03;;0,03;;0,07;0,07;0,26;;;;;;;;0,04;0,03;;;;0,04;0,04;0,04;0,05;;0,02;;0,06;;0,06;;0,06;0,22;;;0,04;;;;;;;0,6;;0,46;0,46;;0,51;0,26;0,25
820700;Potássio;%;;0,3;;0,3;;0,34;0,34;0,9;;;;;;;;1,7;1,65;;;;1,9;1,9;;2,17;;0,27;;1,4;;0,85;;0,17;0,96;;;1,2;;;;;;;0,7;;0,59;0,59;;0,53;0,3;0,22
820800;Azufre;%;;0,1;;0,1;;0,14;0,14;0,5;;;;;;;;0,3;;;;;;0,43;;0,44;;0,71;;;;0,19;;0,58;0,22;;;0,02;;;;;;;0,38;;0,45;0,45;;0,52;1,39;0,48
820900;Hierro;MG/KG;;;;;;;;;;;;;;;;;;;;;;;;;;;;;;;;;;;;;;;;;;;;;;;;;;
821000;Cobre;MG/KG;;;;;;;;;;;;;;;;;;;;;;;;;;;;;;;;;;;;;;;;;;;;;;;;;;
821100;Manganeso;MG/KG;;;;;;;;;;;;;;;;;;;;;;;;;;;;;;;;;;;;;;;;;;;;;;;;;;
821200;Zinc;MG/KG;;;;;;;;;;;;;;;;;;;;;;;;;;;;;;;;;;;;;;;;;;;;;;;;;;
821300;Cobalto;MG/KG;;;;;;;;;;;;;;;;;;;;;;;;;;;;;;;;;;;;;;;;;;;;;;;;;;
821400;Iodo;MG/KG;;;;;;;;;;;;;;;;;;;;;;;;;;;;;;;;;;;;;;;;;;;;;;;;;;
821500;Selenio;MG/KG;;;;;;;;;;;;;;;;;;;;;;;;;;;;;;;;;;;;;;;;;;;;;;;;;;
840000;***************>VITAMINAS<**************;******;;;;;;;;;;;;;;;;;;;;;;;;;;;;;;;;;;;;;;;;;;;;;;;;;;
840100;Biotina;MG/KG;;;;;;;;;;;;;;;;;;;;;;;;;;;;;;;;;;;;;;;;;;;;;;;;;;
840200;Colina;MG/KG;;;;;;;;;;;;;;;;;;;;;;;;;;;;;;;;;;;;;;;;;;;;;;;;;;
840300;Ácido Fólico;MG/KG;;;;;;;;;;;;;;;;;;;;;;;;;;;;;;;;;;;;;;;;;;;;;;;;;;
840400;Niacina;MG/KG;;;;;;;;;;;;;;;;;;;;;;;;;;;;;;;;;;;;;;;;;;;;;;;;;;
840500;Ác.Pantotęnico;MG/KG;;;;;;;;;;;;;;;;;;;;;;;;;;;;;;;;;;;;;;;;;;;;;;;;;;
840600;Riboflavina;MG/KG;;;;;;;;;;;;;;;;;;;;;;;;;;;;;;;;;;;;;;;;;;;;;;;;;;
840700;Tiamina;MG/KG;;;;;;;;;;;;;;;;;;;;;;;;;;;;;;;;;;;;;;;;;;;;;;;;;;
840800;Vit. B6;MG/KG;;;;;;;;;;;;;;;;;;;;;;;;;;;;;;;;;;;;;;;;;;;;;;;;;;
840900;Vit. B12;MG/KG;;;;;;;;;;;;;;;;;;;;;;;;;;;;;;;;;;;;;;;;;;;;;;;;;;
841000;Vit. E;UI;;;;;;;;;;;;;;;;;;;;;;;;;;;;;;;;;;;;;;;;;;;;;;;;;;
841100;Vit. A;UI;;;;;;;;;;;;;;;;;;;;;;;;;;;;;;;;;;;;;;;;;;;;;;;;;;
841200;Vit. D;UI;;;;;;;;;;;;;;;;;;;;;;;;;;;;;;;;;;;;;;;;;;;;;;;;;;
841300;Vit. K;MG/KG;;;;;;;;;;;;;;;;;;;;;;;;;;;;;;;;;;;;;;;;;;;;;;;;;;
